{
    "accuracy": 0.884828349944629,
    "classification_report": {
        "10:10:10 NPK": {
            "precision": 1.0,
            "recall": 1.0,
            "f1-score": 1.0,
            "support": 10.0
        },
        "10:26:26 NPK": {
            "precision": 0.5849056603773585,
            "recall": 1.0,
            "f1-score": 0.7380952380952381,
            "support": 31.0
        },
        "12:32:16 NPK": {
            "precision": 0.7241379310344828,
            "recall": 1.0,
            "f1-score": 0.84,
            "support": 21.0
        },
        "13:32:26 NPK": {
            "precision": 1.0,
            "recall": 1.0,
            "f1-score": 1.0,
            "support": 13.0
        },
        "18:46:00 NPK": {
            "precision": 0.5,
            "recall": 1.0,
            "f1-score": 0.6666666666666666,
            "support": 1.0
        },
        "19:19:19 NPK": {
            "precision": 0.8558558558558559,
            "recall": 0.9895833333333334,
            "f1-score": 0.9178743961352657,
            "support": 96.0
        },
        "20:20:20 NPK": {
            "precision": 1.0,
            "recall": 1.0,
            "f1-score": 1.0,
            "support": 3.0
        },
        "50:26:26 NPK": {
            "precision": 0.9615384615384616,
            "recall": 1.0,
            "f1-score": 0.9803921568627451,
            "support": 25.0
        },
        "Ammonium Sulphate": {
            "precision": 0.7692307692307693,
            "recall": 1.0,
            "f1-score": 0.8695652173913043,
            "support": 10.0
        },
        "Chilated Micronutrient": {
            "precision": 0.7333333333333333,
            "recall": 1.0,
            "f1-score": 0.8461538461538461,
            "support": 22.0
        },
        "DAP": {
            "precision": 0.9185185185185185,
            "recall": 0.9253731343283582,
            "f1-score": 0.9219330855018587,
            "support": 134.0
        },
        "Ferrous Sulphate": {
            "precision": 1.0,
            "recall": 0.9285714285714286,
            "f1-score": 0.9629629629629629,
            "support": 14.0
        },
        "Hydrated Lime": {
            "precision": 1.0,
            "recall": 1.0,
            "f1-score": 1.0,
            "support": 5.0
        },
        "MOP": {
            "precision": 0.918918918918919,
            "recall": 0.8947368421052632,
            "f1-score": 0.9066666666666666,
            "support": 114.0
        },
        "Magnesium Sulphate": {
            "precision": 1.0,
            "recall": 0.9534883720930233,
            "f1-score": 0.9761904761904762,
            "support": 43.0
        },
        "SSP": {
            "precision": 0.8,
            "recall": 0.7710843373493976,
            "f1-score": 0.7852760736196319,
            "support": 83.0
        },
        "Sulphur": {
            "precision": 0.0,
            "recall": 0.0,
            "f1-score": 0.0,
            "support": 1.0
        },
        "Urea": {
            "precision": 0.9907834101382489,
            "recall": 0.7875457875457875,
            "f1-score": 0.8775510204081632,
            "support": 273.0
        },
        "White Potash": {
            "precision": 0.4444444444444444,
            "recall": 1.0,
            "f1-score": 0.6153846153846154,
            "support": 4.0
        },
        "accuracy": 0.884828349944629,
        "macro avg": {
            "precision": 0.8000877528100206,
            "recall": 0.9079149071224522,
            "f1-score": 0.83709012747576,
            "support": 903.0
        },
        "weighted avg": {
            "precision": 0.9062736696937376,
            "recall": 0.884828349944629,
            "f1-score": 0.8878095109034201,
            "support": 903.0
        }
    }
}